SCENARIO,CHECK_NAME,EXPECTED,ACTUAL,STATUS,NOTE
0,Concurrent busy writer (second session),Fail busy,,NOT TESTED,Requires two simultaneous sessions. Mutex design prevents concurrent writers but was not tested with actual concurrency.
0,Session abort recovery,"Token survives, later writer fails busy",,NOT TESTED,"Requires aborting a session externally. The mutex stays committed on interrupt, but actual abort was not performed."
0,Restricted session role switch,NOT TESTED if session disallows viewer role,,NOT TESTED,"Session allowed USE ROLE to viewer. If a session restricts role switching, viewer isolation cannot be confirmed."
0,Viewer SELECT returns an authorisation error after last mapping removed,Access error,,NOT TESTED,Not captured in Run All because the failing statement would stop the script. SELECT revocation is checked in 7d; run the commented SELECT in step 7 by hand to see the error.
0,Task execution,Refresh runs on schedule,,NOT TESTED,Task is SUSPENDED by design. Resume only after acceptance.
1,First onboard PASS count,2,2,PASS,
1,First onboard: missing pair is PENDING,1,1,PASS,
1,GROUP_ALPHA viewer role exists,1,1,PASS,
1,GROUP_ALPHA mapping exists (post-reauth state),1,1,PASS,
1,Pair assignment P1001+S2001 -> GROUP_ALPHA,GROUP_ALPHA,GROUP_ALPHA,PASS,
2,GROUP_ALPHA governed row count,45,45,PASS,
2,Source P1001+S2001 row count matches governed,45,45,PASS,
2,Viewer sees exactly its mapped rows (secondary roles NONE),40,40,PASS,
2,Viewer sees no rows from other pairs,0,0,PASS,
3,Re-submit all SKIPPED,3,3,PASS,
3,No rejected rows from the step 3 re-submit,0,0,PASS,
3,Assignment count unchanged after re-submit,2,2,PASS,
4,GROUP_GAMMA request resolved to PASS,PASS,PASS,PASS,
4,GROUP_GAMMA mapping exists,1,1,PASS,
4,GROUP_GAMMA governed rows,10,10,PASS,
4,GROUP_GAMMA viewer sees the arrived rows,10,10,PASS,
5,New child rows for GROUP_ALPHA visible,45,45,PASS,
5,No onboarding call needed for new child rows,3,3,PASS,
5,Viewer sees new child rows after refresh,45,45,PASS,
6,Malformed file all REJECTED,3,3,PASS,
6,Rejection reasons non-empty,All have reasons,3,PASS,
6,Conflicting assignment REJECTED,Pair already assigned to different key,Pair already assigned to different key,PASS,
7,Key blocked after offboard,1,1,PASS,
7,Mapping removed by offboard,0,0,PASS,
7,GROUP_ALPHA requests cancelled by offboard,CANCELLED exists,1,PASS,
7,Offboard run completed,COMPLETED,COMPLETED,PASS,
7,SELECT revoked from last-mapping viewer,0,0,PASS,
8,GROUP_ALPHA REJECTED after offboard re-submit,REJECTED,REJECTED,PASS,
8,Re-submit after offboard did not restore mapping,0,0,PASS,
9,GROUP_ALPHA key unblocked after reauth,FALSE,false,PASS,
9,GROUP_ALPHA generation incremented,2,2,PASS,
9,GROUP_ALPHA mapping restored,1,1,PASS,
9,Viewer sees its rows again after reauth,45,45,PASS,
9,Reauthorize run completed,COMPLETED,COMPLETED,PASS,
