N,CLAIM,EXPECTED,ACTUAL,RESULT
1,"Clean file onboarded: 4 mappings, 3 roles","Onboarded 4 mappings, created 3 roles from request_01.csv","Onboarded 4 mappings, created 3 roles from request_01.csv",PASS
2,Re-running the same file adds nothing,"Onboarded 0 mappings, created 0 roles from request_01.csv","Onboarded 0 mappings, created 0 roles from request_01.csv",PASS
3,"North team sees only NORTH, all 4 rows",NORTH|4,NORTH|4,PASS
4,"One role, many keys: south team sees EAST and SOUTH, 6 rows","EAST,SOUTH|6","EAST,SOUTH|6",PASS
5,"One key, many roles: east team sees EAST (3 rows)",EAST|3,EAST|3,PASS
6,SELECT granted but no mapping: zero rows,0,0,PASS
7,Access admin is exempt from the policy: sees all 12 rows,12,12,PASS
8,"Auditor exemption sees all 12 rows, unmapped WEST included",12,12,PASS
9,A viewer cannot write to the mapping table,DENIED,DENIED,PASS
10,"Non-compliant file rejected whole, nothing applied","Rejected request_02.csv: 4 of 5 rows failed validation, nothing applied","Rejected request_02.csv: 4 of 5 rows failed validation, nothing applied",PASS
11,"Rejected file left no trace: no WEST role, no WEST mapping",0|0,0|0,PASS
12,Each failing row logged with its reason,Mapping key breaks the key format|Mapping key not found in the data|Role name breaks the naming convention|Role name breaks the naming convention,Mapping key breaks the key format|Mapping key not found in the data|Role name breaks the naming convention|Role name breaks the naming convention,PASS
13,Consumers cannot read the pipeline team's table directly,DENIED,DENIED,PASS
14,"SYSADMIN inherits viewer roles: sees mapped keys, not WEST","EAST,NORTH,SOUTH","EAST,NORTH,SOUTH",PASS
15,Empty source (half-built rebuild): refresh refused,"Refused: source is empty, governed copy left unchanged","Refused: source is empty, governed copy left unchanged",PASS
16,Governed copy intact after the refused refresh,12,12,PASS
17,Pipeline CREATE OR REPLACE did not touch the policy or the mapping,4,4,PASS
18,"Refresh follows the source, including a key change","Refreshed: 1 new, 2 changed, 1 removed, 0 restored","Refreshed: 1 new, 2 changed, 1 removed, 0 restored",PASS
19,"New row and moved row visible to north at once, no CSV; changed data applied",6|Reopened,6|Reopened,PASS
20,A row removed from the source is hidden from viewers (south 6 to 5),5,5,PASS
21,"Soft delete: the removed row is kept, only hidden",SOUTH|removed,SOUTH|removed,PASS
22,"Record returns to the source: visible again, no CSV needed","Refreshed: 0 new, 0 changed, 0 removed, 1 restored|6","Refreshed: 0 new, 0 changed, 0 removed, 1 restored|6",PASS
23,Bulk offboard applied,Offboarded 1 mappings from offboard_01.csv,Offboarded 1 mappings from offboard_01.csv,PASS
24,Offboard file naming a non-existent mapping rejected whole,"Rejected offboard_02.csv: 1 of 2 rows failed validation, nothing removed","Rejected offboard_02.csv: 1 of 2 rows failed validation, nothing removed",PASS
25,Rejected offboard file left the valid mapping in place,1,1,PASS
26,Offboarding EAST from south team takes effect immediately,SOUTH,SOUTH,PASS
27,The other role sharing EAST keeps it,EAST,EAST,PASS
28,Single offboard dropped the unused north role,Removed 1 mapping; role dropped|0,Removed 1 mapping; role dropped|0,PASS
29,Offboarding never deletes data: the 6 NORTH rows remain,6,6,PASS
30,"Every grant, revoke and refresh is audited",4|2|4,4|2|4,PASS
31,Injection attempt only logged; source table intact,1|13,1|13,PASS
